﻿<?xml version="1.0" encoding="utf-8" ?>
<Advertisement >

  <Ad>
    <ImageUrl>C:\Users\Sai\Desktop\Final Project\EDS\EDS\Adroutator\emp.jpg</ImageUrl>
    <Impression>50</Impression>
    
  </Ad>
  <Ad>
    <ImageUrl>C:\Users\Sai\Desktop\Final Project\EDS\EDS\Adroutator\images (1).jpg</ImageUrl>
    <Impression>30</Impression>

  </Ad>
  <Ad>
    <ImageUrl>C:\Users\Sai\Desktop\Final Project\EDS\EDS\Adroutator\images (11).jpg</ImageUrl>
    <Impression>20</Impression>

  </Ad>
    
 
</Advertisement>
 
